accession,country,location,description,scientific_name,bio_material,culture_collection,specimen_voucher,source_identifier,specimen_voucherA,institution_codeA,specimen_idA,specimen_voucherB,institution_codeB,specimen_idB,specimen_voucherC,specimen_idC,sample_accession,study_accession
KR108903,"Falkland Islands (Islas Malvinas):West Falkland, North of Fox Bay, Chartres Farm, 'Patricia Luxton Nature Reserve'.",51.7251 S 59.9854 W,"Porina austroatlantica voucher NMW<GBR>:C.2015.004.1 small subunit ribosomal RNA gene, partial sequence; mitochondrial.",Porina austroatlantica,,,NMW<GBR>:C.2015.004.1;Orange 22606,NMW<GBR>:C.2015.004.1;Orange 22606,NMW<GBR>:C.2015.004.1,NMW<GBR>,C.2015.004.1,Orange 22606,,Orange 22606,,,,
KT230858,"Canada:British Columbia, Salt Spring Island, Ruckle Provincial Park",48.7769 N 123.374 W,"Porina pacifica voucher NMW<GBR>:C.2015.005.15 internal transcribed spacer 1, partial sequence; 5.8S ribosomal RNA gene, complete sequence; and internal transcribed spacer 2, partial sequence.",Porina pacifica,,,NMW<GBR>:C.2015.005.15;Orange 22762,NMW<GBR>:C.2015.005.15;Orange 22762,NMW<GBR>:C.2015.005.15,NMW<GBR>,C.2015.005.15,Orange 22762,,Orange 22762,,,,
KT230859,"Canada:British Columbia, Vancouver Island, west of Sooke, Flea Beach",48.3819 N 123.932 W,"Porina pacifica voucher NMW<GBR>:C.2015.005.16 internal transcribed spacer 1, partial sequence; 5.8S ribosomal RNA gene, complete sequence; and internal transcribed spacer 2, partial sequence.",Porina pacifica,,,NMW<GBR>:C.2015.005.16;Orange 22770,NMW<GBR>:C.2015.005.16;Orange 22770,NMW<GBR>:C.2015.005.16,NMW<GBR>,C.2015.005.16,Orange 22770,,Orange 22770,,,,
KT230860,"Canada:British Columbia, Vancouver Island, Ucluelet, west of Harbour House",48.9474 N 125.539 W,"Porina sp. Orange 22778 voucher NMW<GBR>:C.2015.005.17 small subunit ribosomal RNA gene, partial sequence.",Porina sp. Orange 22778,,,NMW<GBR>:C.2015.005.17;Orange 22778,NMW<GBR>:C.2015.005.17;Orange 22778,NMW<GBR>:C.2015.005.17,NMW<GBR>,C.2015.005.17,Orange 22778,,Orange 22778,,,,
KT820015,Sri Lanka,,"Vasconcellea cundinamarcensis maturase k (matK) gene, partial cds; chloroplast.",Vasconcellea cundinamarcensis,,,NH GF01;NH GF02;NH GF03,NH GF01;NH GF02;NH GF03,NH GF01,,NH GF01,NH GF02,,NH GF02,NH GF03,NH GF03,,
KT962180,"Falkland Islands (Islas Malvinas):West Falkland, near Port Howard, Mount Maria",51.61 S 59.56 W,"Lecanora ecorticata voucher NMW<GBR>:C.2015.004.127 internal transcribed spacer 1, partial sequence; 5.8S ribosomal RNA gene, complete sequence; and internal transcribed spacer 2, partial sequence.",Lecanora ecorticata,,,NMW<GBR>:C.2015.004.127;Orange 22461,NMW<GBR>:C.2015.004.127;Orange 22461,NMW<GBR>:C.2015.004.127,NMW<GBR>,C.2015.004.127,Orange 22461,,Orange 22461,,,,
KT962181,"Falkland Islands (Islas Malvinas):West Falkland, north of Port Stephens",52.05 S 60.68 W,"Lecanora ecorticata voucher NMW<GBR>:C.2015.004.128 internal transcribed spacer 1, partial sequence; 5.8S ribosomal RNA gene, complete sequence; and internal transcribed spacer 2, partial sequence.",Lecanora ecorticata,,,NMW<GBR>:C.2015.004.128;Orange 22571,NMW<GBR>:C.2015.004.128;Orange 22571,NMW<GBR>:C.2015.004.128,NMW<GBR>,C.2015.004.128,Orange 22571,,Orange 22571,,,,
KT962182,"United Kingdom:Wales, V.C. 48, near Corris, Minffordd, Nant Cildydd, 23/7388.1136",,"Lecanora ecorticata voucher NMW<GBR>:C.2015.005.70 internal transcribed spacer 1, partial sequence; 5.8S ribosomal RNA gene, complete sequence; and internal transcribed spacer 2, partial sequence.",Lecanora ecorticata,,,NMW<GBR>:C.2015.005.70;Orange 22747,NMW<GBR>:C.2015.005.70;Orange 22747,NMW<GBR>:C.2015.005.70,NMW<GBR>,C.2015.005.70,Orange 22747,,Orange 22747,,,,
KT962183,"United Kingdom:Wales, V.C. 44, Carmarthenshire, near Rhandirmwyn, Dinas, 22/7778.46407",,"Lecanora ecorticata voucher NMW<GBR>:C.2015.005.76 internal transcribed spacer 1, partial sequence; 5.8S ribosomal RNA gene, complete sequence; and internal transcribed spacer 2, partial sequence.",Lecanora ecorticata,,,NMW<GBR>:C.2015.005.76;Orange 22857,NMW<GBR>:C.2015.005.76;Orange 22857,NMW<GBR>:C.2015.005.76,NMW<GBR>,C.2015.005.76,Orange 22857,,Orange 22857,,,,
KT962185,"United Kingdom:Wales, V.C. 44, Carmarthenshire, near Rhandirmwyn, Dinas, 22/7778.46407",,"Lecanora ecorticata voucher NMW<GBR>:C.2015.005.76 18S ribosomal RNA gene, partial sequence.",Lecanora ecorticata,,,NMW<GBR>:C.2015.005.76;Orange 22857,NMW<GBR>:C.2015.005.76;Orange 22857,NMW<GBR>:C.2015.005.76,NMW<GBR>,C.2015.005.76,Orange 22857,,Orange 22857,,,,
KU721493,"China:Xiao huang Mt., Nanling, Ruyuan, Guangdong province",,"Suillus sp. voucher HKAS:90665 internal transcribed spacer 1, partial sequence; 5.8S ribosomal RNA gene and internal transcribed spacer 2, complete sequence; and large subunit ribosomal RNA gene, partial sequence.",Suillus sp.,,,HKAS:90665;Rui363,HKAS:90665;Rui363,HKAS:90665,HKAS,90665,Rui363,,Rui363,,,,
KU721516,"China:Guangdong, Ruyuan County",,"Suillus phylopictus voucher HKAS:90660 28S large subunit ribosomal RNA gene, partial sequence.",Suillus phylopictus,,,HKAS:90660;Rui358,HKAS:90660;Rui358,HKAS:90660,HKAS,90660,Rui358,,Rui358,,,,
KU721517,"China:Guangdong, Ruyuan County",,"Suillus phylopictus voucher HKAS:90664 28S large subunit ribosomal RNA gene, partial sequence.",Suillus phylopictus,,,HKAS:90664;Rui362,HKAS:90664;Rui362,HKAS:90664,HKAS,90664,Rui362,,Rui362,,,,
KU721519,"China:Guangdong, Ruyuan County",24.91 N 113.08 E,"Suillus kwangtungensis voucher HKAS:90666 28S large subunit ribosomal RNA gene, partial sequence.",Suillus kwangtungensis,,,HKAS:90666;Rui364,HKAS:90666;Rui364,HKAS:90666,HKAS,90666,Rui364,,Rui364,,,,
KU721537,"China:Guangdong, Ruyuan County",,"Suillus phylopictus voucher HKAS:90660 internal transcribed spacer 1, partial sequence; 5.8S ribosomal RNA gene, complete sequence; and internal transcribed spacer 2, partial sequence.",Suillus phylopictus,,,HKAS:90660;Rui358,HKAS:90660;Rui358,HKAS:90660,HKAS,90660,Rui358,,Rui358,,,,
KU721538,"China:Guangdong, Ruyuan County",,"Suillus phylopictus voucher HKAS:90664 internal transcribed spacer 1, partial sequence; 5.8S ribosomal RNA gene, complete sequence; and internal transcribed spacer 2, partial sequence.",Suillus phylopictus,,,HKAS:90664;Rui362,HKAS:90664;Rui362,HKAS:90664,HKAS,90664,Rui362,,Rui362,,,,
KU721540,"China:Guangdong, Ruyuan County",24.91 N 113.08 E,"Suillus kwangtungensis voucher HKAS:90666 internal transcribed spacer 1, partial sequence; 5.8S ribosomal RNA gene, complete sequence; and internal transcribed spacer 2, partial sequence.",Suillus kwangtungensis,,,HKAS:90666;Rui364,HKAS:90666;Rui364,HKAS:90666,HKAS,90666,Rui364,,Rui364,,,,
KU721711,"China:Guangdong, Ruyuan County",24.91 N 113.08 E,"Suillus kwangtungensis voucher HKAS:90666 translation elongation factor 1-alpha (TEF1) gene, partial cds.",Suillus kwangtungensis,,,HKAS:90666;Rui364,HKAS:90666;Rui364,HKAS:90666,HKAS,90666,Rui364,,Rui364,,,,
KU721712,"China:Guangdong, Ruyuan County",,"Suillus phylopictus voucher HKAS:90664 translation elongation factor 1-alpha (TEF1) gene, partial cds.",Suillus phylopictus,,,HKAS:90664;Rui362,HKAS:90664;Rui362,HKAS:90664,HKAS,90664,Rui362,,Rui362,,,,
KU852240,"China:Guangdong, Ruyuan County",24.91 N 113.08 E,"Suillus kwangtungensis voucher HKAS:90666 DNA-directed RNA polymerase II subunit one (rpb1) gene, partial cds.",Suillus kwangtungensis,,,HKAS:90666;Rui364,HKAS:90666;Rui364,HKAS:90666,HKAS,90666,Rui364,,Rui364,,,,
KU852252,"China:Guangdong, Ruyuan County",,"Suillus phylopictus voucher HKAS:90660 DNA-directed RNA polymerase II subunit one (rpb1) gene, partial cds.",Suillus phylopictus,,,HKAS:90660;Rui358,HKAS:90660;Rui358,HKAS:90660,HKAS,90660,Rui358,,Rui358,,,,
KU852253,"China:Guangdong, Ruyuan County",,"Suillus phylopictus voucher HKAS:90664 DNA-directed RNA polymerase II subunit one (rpb1) gene, partial cds.",Suillus phylopictus,,,HKAS:90664;Rui362,HKAS:90664;Rui362,HKAS:90664,HKAS,90664,Rui362,,Rui362,,,,
KX087213,"India:Kerala, Kollam, Thirumullavaram",,"Sargassum ilicifolium voucher KT-101 5.8S ribosomal RNA gene and internal transcribed spacer 2, partial sequence.",Sargassum ilicifolium,,,KT-101; Herbarium of the Malabar Botanical Garden,KT-101; Herbarium of the Malabar Botanical Garden,KT-101,,KT-101, Herbarium of the Malabar Botanical Garden,, Herbarium of the Malabar Botanical Garden,,,,
KX576655,United Kingdom,,"Pseudocoleophoma typhicola strain MFLUCC 16-0123 18S ribosomal RNA gene, partial sequence; internal transcribed spacer 1, 5.8S ribosomal RNA gene, and internal transcribed spacer 2, complete sequence; and 28S ribosomal RNA gene, partial sequence.",Pseudocoleophoma typhicola,,,HKAS94520;MFLU 16-0966,HKAS94520;MFLU 16-0966,HKAS94520,,HKAS94520,MFLU 16-0966,,MFLU 16-0966,,,,
KX619478,Viet Nam,,"Gynostemma longipes isolate PT5201MT01 internal transcribed spacer 1, partial sequence; 5.8S ribosomal RNA gene, complete sequence; and internal transcribed spacer 2, partial sequence.",Gynostemma longipes,,,2012-I10;HNIP.18500/16,2012-I10;HNIP.18500/16,2012-I10,,2012-I10,HNIP.18500/16,,HNIP.18500/16,,,,
KX619479,Viet Nam,,"Gynostemma longipes isolate PT5201MT01 maturase K (matK) gene, partial cds; chloroplast.",Gynostemma longipes,,,2012-I10;HNIP.18500/16,2012-I10;HNIP.18500/16,2012-I10,,2012-I10,HNIP.18500/16,,HNIP.18500/16,,,,
KX619480,Viet Nam,,"Gynostemma longipes isolate PT5201MT01 ribulose-1,5-bisphosphate carboxylase/oxygenase large subunit (rbcL) gene, partial cds; chloroplast.",Gynostemma longipes,,,2012-I10;HNIP.18500/16,2012-I10;HNIP.18500/16,2012-I10,,2012-I10,HNIP.18500/16,,HNIP.18500/16,,,,
KY068096,Costa Rica,,"Ficus insipida isolate FI038 trnS-trnG intergenic spacer, partial sequence; chloroplast.",Ficus insipida,,,SPFR - PCCosta19; Population 6 - Valle Bonito/Punta Arenas,SPFR - PCCosta19; Population 6 - Valle Bonito/Punta Arenas,SPFR - PCCosta19,,SPFR - PCCosta19, Population 6 - Valle Bonito/Punta Arenas,, Population 6 - Valle Bonito/Punta Arenas,,,,
KY069941,Cameroon,4.18 N 9.39 E,"Sudanonautes tiko voucher ZMB Crust. 29628 cytochrome c oxidase subunit 1 gene, partial cds; mitochondrial.",Sudanonautes tiko,,,ZMB Crust. 29628;ZUR T262-11,ZMB Crust. 29628;ZUR T262-11,ZMB Crust. 29628,,ZMB Crust. 29628,ZUR T262-11,,ZUR T262-11,,,,
KY069946,Cameroon,3.76 N 10.32 E,"Sudanonautes tiko voucher ZMB Crust. 29629 cytochrome c oxidase subunit 1 gene, partial cds; mitochondrial.",Sudanonautes tiko,,,ZMB Crust. 29629;ZUR T262-7,ZMB Crust. 29629;ZUR T262-7,ZMB Crust. 29629,,ZMB Crust. 29629,ZUR T262-7,,ZUR T262-7,,,,
KY069953,Cameroon,4.05 N 9.32 E,"Sudanonautes tiko voucher RMNH.CRUST.D.57073 16S ribosomal RNA gene, partial sequence; mitochondrial.",Sudanonautes tiko,,,RMNH.CRUST.D.57073;ZUR T273-12,RMNH.CRUST.D.57073;ZUR T273-12,RMNH.CRUST.D.57073,,RMNH.CRUST.D.57073,ZUR T273-12,,ZUR T273-12,,,,
KY069954,Cameroon,4.18 N 9.39 E,"Sudanonautes tiko voucher ZMB Crust. 29628 16S ribosomal RNA gene, partial sequence; mitochondrial.",Sudanonautes tiko,,,ZMB Crust. 29628;ZUR T262-11,ZMB Crust. 29628;ZUR T262-11,ZMB Crust. 29628,,ZMB Crust. 29628,ZUR T262-11,,ZUR T262-11,,,,
KY489976,"China:Xiao huang Mt., Nanling, Ruyuan, Guangdong province",,"Suillus sp. RZ-2017c voucher HKAS:90665 28S large subunit ribosomal RNA gene, partial sequence.",Suillus sp. RZ-2017c,,,HKAS:90665;Rui363,HKAS:90665;Rui363,HKAS:90665,HKAS,90665,Rui363,,Rui363,,,,
MG517487,"USA:5-mile ledge site A, Onslow Bay, North Carolina",,"Lithophyllum atlanticum voucher NCU 649885 photosystem II reaction center protein D1 (psbA) gene, partial cds; chloroplast.",Lithophyllum atlanticum,,,NCU 649885;WNC 34268,NCU 649885;WNC 34268,NCU 649885,,NCU 649885,WNC 34268,,WNC 34268,,,,
MH031273,"Bulgaria:Rila Mts. Malyovitsa River, Second Ledge",42.18 N 23.37 E,"Dermatocarpon arnoldianum isolate BM724 small subunit ribosomal RNA gene, partial sequence; internal transcribed spacer 1, 5.8S ribosomal RNA gene, and internal transcribed spacer 2, complete sequence; and large subunit ribosomal RNA gene, partial sequence.",Dermatocarpon arnoldianum,,,BM000553724; Dupl. ex SOMF 29498,BM000553724; Dupl. ex SOMF 29498,BM000553724,,BM000553724, Dupl. ex SOMF 29498,, Dupl. ex SOMF 29498,,,,
MH031274,"Bulgaria:Rila Mts. Malyovitsa River, Second Ledge",42.18 N 23.37 E,"Dermatocarpon arnoldianum isolate BM725 small subunit ribosomal RNA gene, partial sequence; internal transcribed spacer 1, 5.8S ribosomal RNA gene, and internal transcribed spacer 2, complete sequence; and large subunit ribosomal RNA gene, partial sequence.",Dermatocarpon arnoldianum,,,BM000553724; Dupl. ex SOMF 29497,BM000553724; Dupl. ex SOMF 29497,BM000553724,,BM000553724, Dupl. ex SOMF 29497,, Dupl. ex SOMF 29497,,,,
MH191326,Pakistan:Khunjerab,,"Carex atrofusca isolate KJB-01 external transcribed spacer 1, complete sequence.",Carex atrofusca,,,MOR<USA-IL>:183078;PMNH<PAK>:42672,MOR<USA-IL>:183078;PMNH<PAK>:42672,MOR<USA-IL>:183078,MOR<USA-IL>,183078,PMNH<PAK>:42672,PMNH<PAK>,42672,,,,
MH191327,Pakistan:Kashmir,,"Carex brunnea isolate BGH-02 external transcribed spacer 1, complete sequence.",Carex brunnea,,,MOR<USA-IL>:183095;PMNH<PAK>:42664,MOR<USA-IL>:183095;PMNH<PAK>:42664,MOR<USA-IL>:183095,MOR<USA-IL>,183095,PMNH<PAK>:42664,PMNH<PAK>,42664,,,,
MH191328,Pakistan:Kashmir,,"Carex brunnea isolate BGH-04 external transcribed spacer 1, complete sequence.",Carex brunnea,,,MOR<USA-IL>:183093;PMNH<PAK>:42665,MOR<USA-IL>:183093;PMNH<PAK>:42665,MOR<USA-IL>:183093,MOR<USA-IL>,183093,PMNH<PAK>:42665,PMNH<PAK>,42665,,,,
MH208841,Pakistan:Kashmir,,"Carex brunnea isolate HRG-01 external transcribed spacer 1, partial sequence.",Carex brunnea,,,Morton Arboretum 183087;PMNH 42657,Morton Arboretum 183087;PMNH 42657,Morton Arboretum 183087,,Morton Arboretum 183087,PMNH 42657,,PMNH 42657,,,,
MH208842,Pakistan:Murree,,"Carex brunnea isolate MUR-02 external transcribed spacer 1, partial sequence.",Carex brunnea,,,Morton Arboretum 183089;PMNH 42682,Morton Arboretum 183089;PMNH 42682,Morton Arboretum 183089,,Morton Arboretum 183089,PMNH 42682,,PMNH 42682,,,,
MH208843,Pakistan:Kashmir,,"Carex brunnea isolate RWT-09 external transcribed spacer 1, partial sequence.",Carex brunnea,,,Morton Arboretum 183090;PMNH 42695,Morton Arboretum 183090;PMNH 42695,Morton Arboretum 183090,,Morton Arboretum 183090,PMNH 42695,,PMNH 42695,,,,
MH208844,Pakistan:Kashmir,,"Carex brunnea isolate RWT-12 external transcribed spacer 1, partial sequence.",Carex brunnea,,,Morton Arboretum 183094;PMNH 42655,Morton Arboretum 183094;PMNH 42655,Morton Arboretum 183094,,Morton Arboretum 183094,PMNH 42655,,PMNH 42655,,,,
MH208845,Pakistan:Kashmir,,"Carex brunnea isolate RWT-14 external transcribed spacer 1, partial sequence.",Carex brunnea,,,Morton Arboretum 183088;PMNH 42661,Morton Arboretum 183088;PMNH 42661,Morton Arboretum 183088,,Morton Arboretum 183088,PMNH 42661,,PMNH 42661,,,,
MH208846,Pakistan:Kashmir,,"Carex brunnea isolate RWT-15 external transcribed spacer 1, partial sequence.",Carex brunnea,,,Morton Arboretum 183096;PMNH 42662,Morton Arboretum 183096;PMNH 42662,Morton Arboretum 183096,,Morton Arboretum 183096,PMNH 42662,,PMNH 42662,,,,
MH208847,Pakistan:Kashmir,,"Carex brunnea isolate RWT-19 external transcribed spacer 1, partial sequence.",Carex brunnea,,,Morton Arboretum 183092;PMNH 42658,Morton Arboretum 183092;PMNH 42658,Morton Arboretum 183092,,Morton Arboretum 183092,PMNH 42658,,PMNH 42658,,,,
MH208848,Pakistan:Kashmir,,"Carex brunnea isolate RWT-20 external transcribed spacer 1, partial sequence.",Carex brunnea,,,Morton Arboretum 183091;PMNH 42656,Morton Arboretum 183091;PMNH 42656,Morton Arboretum 183091,,Morton Arboretum 183091,PMNH 42656,,PMNH 42656,,,,
MH208850,Pakistan:Gilgit-Baltistan,,"Carex canescens isolate FMS-05 external transcribed spacer 1, partial sequence.",Carex canescens,,,Morton Arboretum 183104;PMNH 42671,Morton Arboretum 183104;PMNH 42671,Morton Arboretum 183104,,Morton Arboretum 183104,PMNH 42671,,PMNH 42671,,,,
MH208851,Pakistan:Gilgit-Baltistan,,"Carex canescens isolate FMS-08 external transcribed spacer 1, partial sequence.",Carex canescens,,,Morton Arboretum 183103;PMNH 42674,Morton Arboretum 183103;PMNH 42674,Morton Arboretum 183103,,Morton Arboretum 183103,PMNH 42674,,PMNH 42674,,,,
MH219919,Pakistan:Kashmir,,"Carex filicina isolate BGH-01 external transcribed spacer 1, partial sequence.",Carex filicina,,,Morton Arboretum 183074;PMNH 42663,Morton Arboretum 183074;PMNH 42663,Morton Arboretum 183074,,Morton Arboretum 183074,PMNH 42663,,PMNH 42663,,,,
MH219920,Pakistan:Kashmir,,"Carex filicina isolate RWT-08 external transcribed spacer 1, partial sequence.",Carex filicina,,,Morton Arboretum 183073;PMNH 42696,Morton Arboretum 183073;PMNH 42696,Morton Arboretum 183073,,Morton Arboretum 183073,PMNH 42696,,PMNH 42696,,,,
MH219921,Pakistan:Kashmir,,"Carex filicina isolate RWT-17 external transcribed spacer 1, partial sequence.",Carex filicina,,,Morton Arboretum 183065;PMNH 42659,Morton Arboretum 183065;PMNH 42659,Morton Arboretum 183065,,Morton Arboretum 183065,PMNH 42659,,PMNH 42659,,,,
MH219923,Pakistan:Gilgit-Baltistan,,"Carex infuscata isolate FMS-07 external transcribed spacer 1, partial sequence.",Carex infuscata,,,Morton Arboretum 183079;PMNH 42673,Morton Arboretum 183079;PMNH 42673,Morton Arboretum 183079,,Morton Arboretum 183079,PMNH 42673,,PMNH 42673,,,,
MH219925,Pakistan:Kashmir,,"Carex nubigena isolate KSH-07 external transcribed spacer 1, partial sequence.",Carex nubigena,,,Morton Arboretum 183082;PMNH 42687,Morton Arboretum 183082;PMNH 42687,Morton Arboretum 183082,,Morton Arboretum 183082,PMNH 42687,,PMNH 42687,,,,
MH219926,Pakistan:Kashmir,,"Carex nubigena isolate TLP-01 external transcribed spacer 1, partial sequence.",Carex nubigena,,,Morton Arboretum 183085;PMNH 42667,Morton Arboretum 183085;PMNH 42667,Morton Arboretum 183085,,Morton Arboretum 183085,PMNH 42667,,PMNH 42667,,,,
MH229870,Pakistan:Kashmir,,"Carex nubigena isolate TLP-03 external transcribed spacer, complete sequence.",Carex nubigena,,,Morton Arboretum 183086;PMNH 42669,Morton Arboretum 183086;PMNH 42669,Morton Arboretum 183086,,Morton Arboretum 183086,PMNH 42669,,PMNH 42669,,,,
MH229871,Pakistan:Kashmir,,"Carex nubigena isolate TLP-04 external transcribed spacer, complete sequence.",Carex nubigena,,,Morton Arboretum 183081;PMNH 42668,Morton Arboretum 183081;PMNH 42668,Morton Arboretum 183081,,Morton Arboretum 183081,PMNH 42668,,PMNH 42668,,,,
MH229872,Pakistan:Kashmir,,"Carex nubigena isolate TLP-05 external transcribed spacer, complete sequence.",Carex nubigena,,,Morton Arboretum 183084;PMNH 42666,Morton Arboretum 183084;PMNH 42666,Morton Arboretum 183084,,Morton Arboretum 183084,PMNH 42666,,PMNH 42666,,,,
MH229873,Pakistan:Kashmir,,"Carex nubigena isolate TLP-06 external transcribed spacer, complete sequence.",Carex nubigena,,,Morton Arboretum 183083;PMNH 42670,Morton Arboretum 183083;PMNH 42670,Morton Arboretum 183083,,Morton Arboretum 183083,PMNH 42670,,PMNH 42670,,,,
MH229874,Pakistan:Mansehra,,"Carex pseudolaxa isolate KGN-01 external transcribed spacer, complete sequence.",Carex pseudolaxa,,,Morton Arboretum 183109;PMNH 42653,Morton Arboretum 183109;PMNH 42653,Morton Arboretum 183109,,Morton Arboretum 183109,PMNH 42653,,PMNH 42653,,,,
MH229875,Pakistan:Mansehra,,"Carex pseudolaxa isolate KGN-02 external transcribed spacer, complete sequence.",Carex pseudolaxa,,,Morton Arboretum 183107;PMNH 42654,Morton Arboretum 183107;PMNH 42654,Morton Arboretum 183107,,Morton Arboretum 183107,PMNH 42654,,PMNH 42654,,,,
MH229876,Pakistan:Kashmir,,"Carex pseudolaxa isolate KSH-01 external transcribed spacer, complete sequence.",Carex pseudolaxa,,,Morton Arboretum 183106;PMNH 42688,Morton Arboretum 183106;PMNH 42688,Morton Arboretum 183106,,Morton Arboretum 183106,PMNH 42688,,PMNH 42688,,,,
MH229877,Pakistan:Kashmir,,"Carex pseudolaxa isolate KSH-04 external transcribed spacer, complete sequence.",Carex pseudolaxa,,,Morton Arboretum 183108;PMNH 42689,Morton Arboretum 183108;PMNH 42689,Morton Arboretum 183108,,Morton Arboretum 183108,PMNH 42689,,PMNH 42689,,,,
MH229878,Pakistan:Gilgit-Baltistan,,"Carex pseudolaxa isolate RKP-01 external transcribed spacer, complete sequence.",Carex pseudolaxa,,,Morton Arboretum 183112;PMNH 42679,Morton Arboretum 183112;PMNH 42679,Morton Arboretum 183112,,Morton Arboretum 183112,PMNH 42679,,PMNH 42679,,,,
MH229879,Pakistan:Gilgit-Baltistan,,"Carex pseudolaxa isolate RKP-04 external transcribed spacer, complete sequence.",Carex pseudolaxa,,,Morton Arboretum 183111;PMNH 42681,Morton Arboretum 183111;PMNH 42681,Morton Arboretum 183111,,Morton Arboretum 183111,PMNH 42681,,PMNH 42681,,,,
MH229880,Pakistan:Gilgit-Baltistan,,"Carex pseudolaxa isolate RKP-05 external transcribed spacer, complete sequence.",Carex pseudolaxa,,,Morton Arboretum 183110;PMNH 42680,Morton Arboretum 183110;PMNH 42680,Morton Arboretum 183110,,Morton Arboretum 183110,PMNH 42680,,PMNH 42680,,,,
MH329370,Pakistan:Shogran,,"Carex setigera var. schlagintweitiana isolate Shogran-8 external transcribed spacer 1, complete sequence.",Carex setigera var. schlagintweitiana,,,Morton Arboretum 184273;Morton Arboretum 184274,Morton Arboretum 184273;Morton Arboretum 184274,Morton Arboretum 184273,,Morton Arboretum 184273,Morton Arboretum 184274,,Morton Arboretum 184274,,,,
MH329389,Pakistan:Khunjerab,,"Carex atrofusca isolate KJB-01 internal transcribed spacer 1, partial sequence; 5.8S ribosomal RNA gene, complete sequence; and internal transcribed spacer 2, partial sequence.",Carex atrofusca,,,Morton Arboretum 183078;PMNH 42672,Morton Arboretum 183078;PMNH 42672,Morton Arboretum 183078,,Morton Arboretum 183078,PMNH 42672,,PMNH 42672,,,,
MH329390,Pakistan:Bagh,,"Carex brunnea isolate BGH-02 internal transcribed spacer 1, partial sequence; 5.8S ribosomal RNA gene, complete sequence; and internal transcribed spacer 2, partial sequence.",Carex brunnea,,,Morton Arboretum 183095;PMNH 42664,Morton Arboretum 183095;PMNH 42664,Morton Arboretum 183095,,Morton Arboretum 183095,PMNH 42664,,PMNH 42664,,,,
MH329391,Pakistan:Bagh,,"Carex brunnea isolate BGH-04 internal transcribed spacer 1, partial sequence; 5.8S ribosomal RNA gene, complete sequence; and internal transcribed spacer 2, partial sequence.",Carex brunnea,,,Morton Arboretum 183093;PMNH 42665,Morton Arboretum 183093;PMNH 42665,Morton Arboretum 183093,,Morton Arboretum 183093,PMNH 42665,,PMNH 42665,,,,
MH329392,Pakistan:Bagh,,"Carex brunnea isolate HRG-01 internal transcribed spacer 1, partial sequence; 5.8S ribosomal RNA gene, complete sequence; and internal transcribed spacer 2, partial sequence.",Carex brunnea,,,Morton Arboretum 183087;PMNH 42657,Morton Arboretum 183087;PMNH 42657,Morton Arboretum 183087,,Morton Arboretum 183087,PMNH 42657,,PMNH 42657,,,,
MH329393,Pakistan:Murree,,"Carex brunnea isolate MUR-02 internal transcribed spacer 1, partial sequence; 5.8S ribosomal RNA gene, complete sequence; and internal transcribed spacer 2, partial sequence.",Carex brunnea,,,Morton Arboretum 183089;PMNH 42682,Morton Arboretum 183089;PMNH 42682,Morton Arboretum 183089,,Morton Arboretum 183089,PMNH 42682,,PMNH 42682,,,,
MH329394,Pakistan:Rawalakot,,"Carex brunnea isolate RWT-09 internal transcribed spacer 1, partial sequence; 5.8S ribosomal RNA gene, complete sequence; and internal transcribed spacer 2, partial sequence.",Carex brunnea,,,Morton Arboretum 183090;PMNH 42695,Morton Arboretum 183090;PMNH 42695,Morton Arboretum 183090,,Morton Arboretum 183090,PMNH 42695,,PMNH 42695,,,,
MH329395,Pakistan:Rawalakot,,"Carex brunnea isolate RWT-12 internal transcribed spacer 1, partial sequence; 5.8S ribosomal RNA gene, complete sequence; and internal transcribed spacer 2, partial sequence.",Carex brunnea,,,Morton Arboretum 183094;PMNH 42655,Morton Arboretum 183094;PMNH 42655,Morton Arboretum 183094,,Morton Arboretum 183094,PMNH 42655,,PMNH 42655,,,,
MH329396,Pakistan:Rawalakot,,"Carex brunnea isolate RWT-15 internal transcribed spacer 1, partial sequence; 5.8S ribosomal RNA gene, complete sequence; and internal transcribed spacer 2, partial sequence.",Carex brunnea,,,Morton Arboretum 183096;PMNH 42662,Morton Arboretum 183096;PMNH 42662,Morton Arboretum 183096,,Morton Arboretum 183096,PMNH 42662,,PMNH 42662,,,,
MH329397,Pakistan:Rawalakot,,"Carex brunnea isolate RWT-19 internal transcribed spacer 1, partial sequence; 5.8S ribosomal RNA gene, complete sequence; and internal transcribed spacer 2, partial sequence.",Carex brunnea,,,Morton Arboretum 183092;PMNH 42658,Morton Arboretum 183092;PMNH 42658,Morton Arboretum 183092,,Morton Arboretum 183092,PMNH 42658,,PMNH 42658,,,,
MH348210,Pakistan:Rawalakot,,"Carex brunnea isolate RWT-20 internal transcribed spacer 1, partial sequence; 5.8S ribosomal RNA gene, complete sequence; and internal transcribed spacer 2, partial sequence.",Carex brunnea,,,Morton Arboretum 183091;PMNH 42656,Morton Arboretum 183091;PMNH 42656,Morton Arboretum 183091,,Morton Arboretum 183091,PMNH 42656,,PMNH 42656,,,,
MH348211,Pakistan:Gilgit-Baltistan,,"Carex canescens isolate FMS-05 internal transcribed spacer 1, partial sequence; 5.8S ribosomal RNA gene, complete sequence; and internal transcribed spacer 2, partial sequence.",Carex canescens,,,Morton Arboretum 183104;PMNH 42671,Morton Arboretum 183104;PMNH 42671,Morton Arboretum 183104,,Morton Arboretum 183104,PMNH 42671,,PMNH 42671,,,,
MH348212,Pakistan:Gilgit-Baltistan,,"Carex canescens isolate FMS-08 internal transcribed spacer 1, partial sequence; 5.8S ribosomal RNA gene, complete sequence; and internal transcribed spacer 2, partial sequence.",Carex canescens,,,Morton Arboretum 183103;PMNH 42674,Morton Arboretum 183103;PMNH 42674,Morton Arboretum 183103,,Morton Arboretum 183103,PMNH 42674,,PMNH 42674,,,,
MH348214,Pakistan:Swat,,"Carex cardiolepis isolate SAD-07 internal transcribed spacer 1, partial sequence; 5.8S ribosomal RNA gene, complete sequence; and internal transcribed spacer 2, partial sequence.",Carex cardiolepis,,,Morton Arboretum 183054;PMNH 42694,Morton Arboretum 183054;PMNH 42694,Morton Arboretum 183054,,Morton Arboretum 183054,PMNH 42694,,PMNH 42694,,,,
MH348216,Pakistan:Bagh,,"Carex filicina isolate BGH-01 internal transcribed spacer 1, partial sequence; 5.8S ribosomal RNA gene, complete sequence; and internal transcribed spacer 2, partial sequence.",Carex filicina,,,Morton Arboretum 183074;PMNH 42663,Morton Arboretum 183074;PMNH 42663,Morton Arboretum 183074,,Morton Arboretum 183074,PMNH 42663,,PMNH 42663,,,,
MH348217,Pakistan:Rawalakot,,"Carex filicina isolate RWT-08 internal transcribed spacer 1, partial sequence; 5.8S ribosomal RNA gene, complete sequence; and internal transcribed spacer 2, partial sequence.",Carex filicina,,,Morton Arboretum 183073;PMNH 42696,Morton Arboretum 183073;PMNH 42696,Morton Arboretum 183073,,Morton Arboretum 183073,PMNH 42696,,PMNH 42696,,,,
MH348218,Pakistan:Rawalakot,,"Carex filicina isolate RWT-17 internal transcribed spacer 1, partial sequence; 5.8S ribosomal RNA gene, complete sequence; and internal transcribed spacer 2, partial sequence.",Carex filicina,,,Morton Arboretum 183065;PMNH 42659,Morton Arboretum 183065;PMNH 42659,Morton Arboretum 183065,,Morton Arboretum 183065,PMNH 42659,,PMNH 42659,,,,
MH348219,Pakistan:Gilgit-Baltistan,,"Carex infuscata isolate FMS-07 internal transcribed spacer 1, partial sequence; 5.8S ribosomal RNA gene, complete sequence; and internal transcribed spacer 2, partial sequence.",Carex infuscata,,,Morton Arboretum 183079;PMNH 42673,Morton Arboretum 183079;PMNH 42673,Morton Arboretum 183079,,Morton Arboretum 183079,PMNH 42673,,PMNH 42673,,,,
MH348221,Pakistan:Kashmir,,"Carex nubigena isolate KSH-07 internal transcribed spacer 1, partial sequence; 5.8S ribosomal RNA gene, complete sequence; and internal transcribed spacer 2, partial sequence.",Carex nubigena,,,Morton Arboretum 183082;PMNH 42687,Morton Arboretum 183082;PMNH 42687,Morton Arboretum 183082,,Morton Arboretum 183082,PMNH 42687,,PMNH 42687,,,,
MH348222,Pakistan:Kashmir,,"Carex nubigena isolate TLP-01 internal transcribed spacer 1, partial sequence; 5.8S ribosomal RNA gene, complete sequence; and internal transcribed spacer 2, partial sequence.",Carex nubigena,,,Morton Arboretum 183085;PMNH 42667,Morton Arboretum 183085;PMNH 42667,Morton Arboretum 183085,,Morton Arboretum 183085,PMNH 42667,,PMNH 42667,,,,
MH348223,Pakistan:Kashmir,,"Carex nubigena isolate TLP-03 internal transcribed spacer 1, partial sequence; 5.8S ribosomal RNA gene, complete sequence; and internal transcribed spacer 2, partial sequence.",Carex nubigena,,,Morton Arboretum 183086;PMNH 42669,Morton Arboretum 183086;PMNH 42669,Morton Arboretum 183086,,Morton Arboretum 183086,PMNH 42669,,PMNH 42669,,,,
MH348224,Pakistan:Kashmir,,"Carex nubigena isolate TLP-04 internal transcribed spacer 1, partial sequence; 5.8S ribosomal RNA gene, complete sequence; and internal transcribed spacer 2, partial sequence.",Carex nubigena,,,Morton Arboretum 183081;PMNH 42668,Morton Arboretum 183081;PMNH 42668,Morton Arboretum 183081,,Morton Arboretum 183081,PMNH 42668,,PMNH 42668,,,,
MH348225,Pakistan:Kashmir,,"Carex nubigena isolate TLP-05 internal transcribed spacer 1, partial sequence; 5.8S ribosomal RNA gene, complete sequence; and internal transcribed spacer 2, partial sequence.",Carex nubigena,,,Morton Arboretum 183084;PMNH 42666,Morton Arboretum 183084;PMNH 42666,Morton Arboretum 183084,,Morton Arboretum 183084,PMNH 42666,,PMNH 42666,,,,
MH348226,Pakistan:Kashmir,,"Carex nubigena isolate TLP-06 internal transcribed spacer 1, partial sequence; 5.8S ribosomal RNA gene, complete sequence; and internal transcribed spacer 2, partial sequence.",Carex nubigena,,,Morton Arboretum 183083;PMNH 42670,Morton Arboretum 183083;PMNH 42670,Morton Arboretum 183083,,Morton Arboretum 183083,PMNH 42670,,PMNH 42670,,,,
MH348227,Pakistan:Khunjerab,,"Carex pseudofoetida isolate KJB-04 internal transcribed spacer 1, partial sequence; 5.8S ribosomal RNA gene, complete sequence; and internal transcribed spacer 2, partial sequence.",Carex pseudofoetida,,,Morton Arboretum 183071;PMNH 42678,Morton Arboretum 183071;PMNH 42678,Morton Arboretum 183071,,Morton Arboretum 183071,PMNH 42678,,PMNH 42678,,,,
MH348228,Pakistan:Khunjerab,,"Carex pseudofoetida isolate KJB-06 internal transcribed spacer 1, partial sequence; 5.8S ribosomal RNA gene, complete sequence; and internal transcribed spacer 2, partial sequence.",Carex pseudofoetida,,,Morton Arboretum 183072;PMNH 42676,Morton Arboretum 183072;PMNH 42676,Morton Arboretum 183072,,Morton Arboretum 183072,PMNH 42676,,PMNH 42676,,,,
MH348229,Pakistan:Mansehra,,"Carex pseudolaxa isolate KGN-01 internal transcribed spacer 1, partial sequence; 5.8S ribosomal RNA gene, complete sequence; and internal transcribed spacer 2, partial sequence.",Carex pseudolaxa,,,Morton Arboretum 183109;PMNH 42653,Morton Arboretum 183109;PMNH 42653,Morton Arboretum 183109,,Morton Arboretum 183109,PMNH 42653,,PMNH 42653,,,,
MH348230,Pakistan:Mansehra,,"Carex pseudolaxa isolate KGN-02 internal transcribed spacer 1, partial sequence; 5.8S ribosomal RNA gene, complete sequence; and internal transcribed spacer 2, partial sequence.",Carex pseudolaxa,,,Morton Arboretum 183107;PMNH 42654,Morton Arboretum 183107;PMNH 42654,Morton Arboretum 183107,,Morton Arboretum 183107,PMNH 42654,,PMNH 42654,,,,
MH348231,Pakistan:Kashmir,,"Carex pseudolaxa isolate KSH-01 internal transcribed spacer 1, partial sequence; 5.8S ribosomal RNA gene, complete sequence; and internal transcribed spacer 2, partial sequence.",Carex pseudolaxa,,,Morton Arboretum 183106;PMNH 42688,Morton Arboretum 183106;PMNH 42688,Morton Arboretum 183106,,Morton Arboretum 183106,PMNH 42688,,PMNH 42688,,,,
MH348232,Pakistan:Kashmir,,"Carex pseudolaxa isolate KSH-04 internal transcribed spacer 1, partial sequence; 5.8S ribosomal RNA gene, complete sequence; and internal transcribed spacer 2, partial sequence.",Carex pseudolaxa,,,Morton Arboretum 183108;PMNH 42689,Morton Arboretum 183108;PMNH 42689,Morton Arboretum 183108,,Morton Arboretum 183108,PMNH 42689,,PMNH 42689,,,,
MH348233,Pakistan:Gilgit-Baltistan,,"Carex pseudolaxa isolate RKP-01 internal transcribed spacer 1, partial sequence; 5.8S ribosomal RNA gene, complete sequence; and internal transcribed spacer 2, partial sequence.",Carex pseudolaxa,,,Morton Arboretum 183112;PMNH 42679,Morton Arboretum 183112;PMNH 42679,Morton Arboretum 183112,,Morton Arboretum 183112,PMNH 42679,,PMNH 42679,,,,
MH348234,Pakistan:Gilgit-Baltistan,,"Carex pseudolaxa isolate RKP-04 internal transcribed spacer 1, partial sequence; 5.8S ribosomal RNA gene, complete sequence; and internal transcribed spacer 2, partial sequence.",Carex pseudolaxa,,,Morton Arboretum 183111;PMNH 42681,Morton Arboretum 183111;PMNH 42681,Morton Arboretum 183111,,Morton Arboretum 183111,PMNH 42681,,PMNH 42681,,,,
MH348235,Pakistan:Gilgit-Baltistan,,"Carex pseudolaxa isolate RKP-05 internal transcribed spacer 1, partial sequence; 5.8S ribosomal RNA gene, complete sequence; and internal transcribed spacer 2, partial sequence.",Carex pseudolaxa,,,Morton Arboretum 183110;PMNH 42680,Morton Arboretum 183110;PMNH 42680,Morton Arboretum 183110,,Morton Arboretum 183110,PMNH 42680,,PMNH 42680,,,,
MH348238,Pakistan:Shogran,,"Carex setigera var. schlagintweitiana isolate Shogran-08 internal transcribed spacer 1, partial sequence; 5.8S ribosomal RNA gene, complete sequence; and internal transcribed spacer 2, partial sequence.",Carex setigera var. schlagintweitiana,,,Morton Arboretum 184274;184273,Morton Arboretum 184274;184273,Morton Arboretum 184274,,Morton Arboretum 184274,184273,,184273,,,,
MH496694,Pakistan,,"Carex setigera var. schlagintweitiana isolate shogran-8 maturase K (matK) gene, partial cds; chloroplast.",Carex setigera var. schlagintweitiana,,,Morton Arboretum 184274;184273,Morton Arboretum 184274;184273,Morton Arboretum 184274,,Morton Arboretum 184274,184273,,184273,,,,
MK169406,Pakistan,,"Agaricus sp. HB-2018b voucher KH167 translation elongation factor 1-alpha (tef-1alpha) gene, partial cds.",Agaricus sp. HB-2018b,,,KH167;KH167 Holotype,KH167;KH167 Holotype,KH167,,KH167,KH167 Holotype,,KH167 Holotype,,,,
MK169408,Pakistan,,"Agaricus sp. HB-2018e voucher MW1501 translation elongation factor 1-alpha (tef-1alpha) gene, partial cds.",Agaricus sp. HB-2018e,,,MW1501;MW1501 Holotype,MW1501;MW1501 Holotype,MW1501,,MW1501,MW1501 Holotype,,MW1501 Holotype,,,,
MK169410,Pakistan,,"Agaricus sp. HB-2018d voucher CM242 translation elongation factor 1-alpha (tef-1alpha) gene, partial cds.",Agaricus sp. HB-2018d,,,CM242;CM242 Holotype,CM242;CM242 Holotype,CM242,,CM242,CM242 Holotype,,CM242 Holotype,,,,
MK169411,Pakistan,,"Agaricus sp. HB-2018f voucher B40 translation elongation factor 1-alpha (tef-1alpha) gene, partial cds.",Agaricus sp. HB-2018f,,,B40;B40 Holotype,B40;B40 Holotype,B40,,B40,B40 Holotype,,B40 Holotype,,,,
MK193787,China:Northwest University,,"Acer davidii voucher Adavi2016 chloroplast, complete genome.",Acer davidii,,,Adavi2016;AJ;Li-Shaanxi20150628,Adavi2016;AJ;Li-Shaanxi20150628,Adavi2016,,Adavi2016,AJ,,AJ,Li-Shaanxi20150628,Li-Shaanxi20150628,,
MK579343,Bangladesh,,"Badis badis voucher NRM:11679 cytochrome b (cytb) gene, partial cds; mitochondrial.",Badis badis,,,NRM:11679;NRM:69406,NRM:11679;NRM:69406,NRM:11679,NRM,11679,NRM:69406,NRM,69406,,,,
MK579344,Bangladesh,23.88 N 91.2 E,"Badis badis voucher NRM:11688 cytochrome b (cytb) gene, partial cds; mitochondrial.",Badis badis,,,NRM:11688;NRM:69449,NRM:11688;NRM:69449,NRM:11688,NRM,11688,NRM:69449,NRM,69449,,,,
MK579346,Bangladesh,24.84 N 92.06 E,"Badis badis voucher NRM:11528 cytochrome b (cytb) gene, partial cds; mitochondrial.",Badis badis,,,NRM:11528;NRM:69025,NRM:11528;NRM:69025,NRM:11528,NRM,11528,NRM:69025,NRM,69025,,,,
MK579348,Bangladesh,,"Badis badis voucher NRM:11694 cytochrome b (cytb) gene, partial cds; mitochondrial.",Badis badis,,,NRM:11694;NRM:69455,NRM:11694;NRM:69455,NRM:11694,NRM,11694,NRM:69455,NRM,69455,,,,
MK579351,Bangladesh,22.03 N 92.42 E,"Badis pallidus voucher NRM:10722 cytochrome b (cytb) gene, partial cds; mitochondrial.",Badis pallidus,,,NRM:10722;NRM:67671,NRM:10722;NRM:67671,NRM:10722,NRM,10722,NRM:67671,NRM,67671,,,,
MK579352,Bangladesh,22.06 N 92.32 E,"Badis pallidus voucher NRM:10820 cytochrome b (cytb) gene, partial cds; mitochondrial.",Badis pallidus,,,NRM:10820;NRM:67950,NRM:10820;NRM:67950,NRM:10820,NRM,10820,NRM:67950,NRM,67950,,,,
MK579353,Bangladesh,22.15 N 92.22 E,"Badis pallidus voucher NRM:10574 cytochrome b (cytb) gene, partial cds; mitochondrial.",Badis pallidus,,,NRM:10574;NRM:67309,NRM:10574;NRM:67309,NRM:10574,NRM,10574,NRM:67309,NRM,67309,,,,
MK579354,Bangladesh,,"Badis pallidus voucher NRM:11684 cytochrome b (cytb) gene, partial cds; mitochondrial.",Badis pallidus,,,NRM:11684;NRM:69436,NRM:11684;NRM:69436,NRM:11684,NRM,11684,NRM:69436,NRM,69436,,,,
MK579357,Bangladesh,22.24 N 92.12 E,"Badis pallidus voucher NRM:10565 cytochrome b (cytb) gene, partial cds; mitochondrial.",Badis pallidus,,,NRM:10565;NRM:67273,NRM:10565;NRM:67273,NRM:10565,NRM,10565,NRM:67273,NRM,67273,,,,
MK579358,Bangladesh,22.23 N 92.13 E,"Badis pallidus voucher NRM:10567 cytochrome b (cytb) gene, partial cds; mitochondrial.",Badis pallidus,,,NRM:10567;NRM:67251,NRM:10567;NRM:67251,NRM:10567,NRM,10567,NRM:67251,NRM,67251,,,,
MK579359,Bangladesh,21.27 N 92.06 E,"Badis chittagongis voucher NRM:10539 cytochrome b (cytb) gene, partial cds; mitochondrial.",Badis chittagongis,,,NRM:10539;NRM:67212,NRM:10539;NRM:67212,NRM:10539,NRM,10539,NRM:67212,NRM,67212,,,,
MK579360,Bangladesh,21.09 N 92.17 E,"Badis chittagongis voucher NRM:10829 cytochrome b (cytb) gene, partial cds; mitochondrial.",Badis chittagongis,,,NRM:10829;NRM:67831,NRM:10829;NRM:67831,NRM:10829,NRM,10829,NRM:67831,NRM,67831,,,,
MK579361,Bangladesh,21.58 N 91.97 E,"Badis chittagongis voucher NRM:10745 cytochrome b (cytb) gene, partial cds; mitochondrial.",Badis chittagongis,,,NRM:10745;NRM:67448,NRM:10745;NRM:67448,NRM:10745,NRM,10745,NRM:67448,NRM,67448,,,,
MK579362,Bangladesh,21.58 N 91.96 E,"Badis chittagongis voucher NRM:10802 cytochrome b (cytb) gene, partial cds; mitochondrial.",Badis chittagongis,,,NRM:10802;NRM:67891,NRM:10802;NRM:67891,NRM:10802,NRM,10802,NRM:67891,NRM,67891,,,,
MK579363,Bangladesh,25.18 N 92.02 E,"Badis rhabdotus voucher NRM:11525 cytochrome b (cytb) gene, partial cds; mitochondrial.",Badis rhabdotus,,,NRM:11525;NRM:69035,NRM:11525;NRM:69035,NRM:11525,NRM,11525,NRM:69035,NRM,69035,,,,
MK579366,Bangladesh,24.69 N 91.95 E,"Dario kajal voucher NRM:11949 cytochrome b (cytb) gene, partial cds; mitochondrial.",Dario kajal,,,NRM:11949;NRM:66172,NRM:11949;NRM:66172,NRM:11949,NRM,11949,NRM:66172,NRM,66172,,,,
MN121762,USA,,UNVERIFIED: Cylindropuntia bigelovii chloroplast sequence.,Cylindropuntia bigelovii,,,Baker 18286.1; ASU,Baker 18286.1; ASU,Baker 18286.1,,Baker 18286.1, ASU,, ASU,,,,
